-- phpMyAdmin SQL Dump
-- version 4.1.14
-- http://www.phpmyadmin.net
--
-- Host: 127.0.0.1
-- Generation Time: Feb 25, 2017 at 03:48 AM
-- Server version: 5.6.17
-- PHP Version: 5.5.12

SET SQL_MODE = "NO_AUTO_VALUE_ON_ZERO";
SET time_zone = "+00:00";


/*!40101 SET @OLD_CHARACTER_SET_CLIENT=@@CHARACTER_SET_CLIENT */;
/*!40101 SET @OLD_CHARACTER_SET_RESULTS=@@CHARACTER_SET_RESULTS */;
/*!40101 SET @OLD_COLLATION_CONNECTION=@@COLLATION_CONNECTION */;
/*!40101 SET NAMES utf8 */;

--
-- Database: `interceptor`
--

-- --------------------------------------------------------

--
-- Table structure for table `breached`
--

CREATE TABLE IF NOT EXISTS `breached` (
  `id` int(11) NOT NULL AUTO_INCREMENT,
  `checkpoint_id` varchar(20) COLLATE utf8_unicode_ci NOT NULL,
  `lat` text COLLATE utf8_unicode_ci NOT NULL,
  `lng` text COLLATE utf8_unicode_ci NOT NULL,
  `time_happened` timestamp NOT NULL,
  PRIMARY KEY (`id`)
) ENGINE=InnoDB  DEFAULT CHARSET=utf8 COLLATE=utf8_unicode_ci AUTO_INCREMENT=80 ;

--
-- Dumping data for table `breached`
--

INSERT INTO `breached` (`id`, `checkpoint_id`, `lat`, `lng`, `time_happened`) VALUES
(1, '53', '14.609351900000002', '121.08800690000001', '0000-00-00 00:00:00'),
(2, '53', '14.609310299999999', '121.08797799999999', '2017-02-03 14:09:01'),
(3, '53', '14.6602349', '121.0296094', '2017-02-05 00:33:50'),
(4, '53', '14.6601497', '121.0294936', '2017-02-05 03:36:37'),
(5, '52', '14.660343800000001', '121.0296198', '2017-02-05 14:15:52'),
(6, '52', '14.660343800000001', '121.0296198', '2017-02-05 14:19:27'),
(7, '52', '14.660343800000001', '121.0296198', '2017-02-05 14:22:32'),
(8, '52', '14.660260599999999', '121.02959349999999', '2017-02-05 14:26:34'),
(9, '52', '14.660349199999999', '121.02961610000001', '2017-02-05 14:28:18'),
(10, '52', '14.660349199999999', '121.02961610000001', '2017-02-05 14:29:16'),
(11, '52', '14.660349199999999', '121.02961610000001', '2017-02-05 14:31:53'),
(12, '52', '14.660328699999997', '121.02961459999999', '2017-02-05 19:02:24'),
(13, '53', '14.660507599999999', '121.0295713', '2017-02-05 19:28:49'),
(14, '53', '14.6602549', '121.02957119999998', '2017-02-05 19:50:41'),
(15, '115', '14.660315899999999', '121.02961789999999', '2017-02-07 05:25:19'),
(16, '119', '14.660104500000001', '121.02956639999998', '2017-02-07 17:37:44'),
(17, '118', '14.660178300000002', '121.0295682', '2017-02-07 17:59:34'),
(18, '1', '14.606182665321', '121.03003455571', '2017-02-09 00:46:21'),
(19, '2', '14.607846894341', '121.02946258992', '2017-02-09 01:21:22'),
(20, '162', '14.6600869', '121.0295254', '2017-02-08 20:24:04'),
(21, '162', '14.6600869', '121.0295254', '2017-02-08 20:31:13'),
(22, '165', '14.6600757', '121.02954860000001', '2017-02-08 21:17:14'),
(23, '165', '14.6600757', '121.02954860000001', '2017-02-08 21:18:28'),
(24, '165', '14.6600757', '121.02954860000001', '2017-02-08 21:18:57'),
(25, '171', '14.660097', '121.02953429999998', '2017-02-08 22:09:30'),
(26, '173', '14.6600841', '121.0295085', '2017-02-08 22:10:24'),
(27, '171', '14.6600861', '121.02954709999999', '2017-02-09 01:23:06'),
(28, '170', '14.660034899999998', '121.02951309999999', '2017-02-09 05:21:16'),
(29, '171', '14.6601356', '121.0295395', '2017-02-09 07:28:48'),
(30, '185', '14.660043100000001', '121.0295352', '2017-02-09 12:44:45'),
(31, '185', '14.660043100000001', '121.0295352', '2017-02-09 13:00:36'),
(32, '185', '14.660043100000001', '121.0295352', '2017-02-09 13:04:08'),
(33, '185', '14.660043100000001', '121.0295352', '2017-02-09 13:05:24'),
(34, '185', '14.660043100000001', '121.0295352', '2017-02-09 13:07:30'),
(35, '185', '14.660043100000001', '121.0295352', '2017-02-09 13:09:45'),
(36, '188', '14.66012', '121.02953300000001', '2017-02-09 16:54:17'),
(37, '188', '14.66012', '121.02953300000001', '2017-02-09 16:59:00'),
(38, '188', '14.66012', '121.02953300000001', '2017-02-09 17:07:01'),
(39, '188', '14.6601467', '121.02954380000001', '2017-02-09 17:24:12'),
(40, '188', '14.6601467', '121.02954380000001', '2017-02-09 17:25:19'),
(41, '188', '14.6601467', '121.02954380000001', '2017-02-09 17:27:03'),
(42, '188', '14.6601467', '121.02954380000001', '2017-02-09 17:28:37'),
(43, '188', '14.6601467', '121.02954380000001', '2017-02-09 17:32:16'),
(44, '188', '14.6601467', '121.02954380000001', '2017-02-09 17:33:49'),
(45, '188', '14.6601467', '121.02954380000001', '2017-02-09 17:34:23'),
(46, '188', '14.6601467', '121.02954380000001', '2017-02-09 17:36:55'),
(47, '188', '14.6601467', '121.02954380000001', '2017-02-09 17:39:24'),
(48, '188', '14.6601467', '121.02954380000001', '2017-02-09 17:41:02'),
(49, '188', '14.6601467', '121.02954380000001', '2017-02-09 17:42:17'),
(50, '188', '14.6601467', '121.02954380000001', '2017-02-09 17:45:14'),
(51, '188', '14.6601467', '121.02954380000001', '2017-02-09 17:59:50'),
(52, '188', '14.6601467', '121.02954380000001', '2017-02-09 18:02:26'),
(53, '188', '14.6601467', '121.02954380000001', '2017-02-09 18:04:14'),
(54, '100', '14.660143699999997', '121.0295667', '2017-02-09 18:40:59'),
(55, '100', '14.660127000000001', '121.02956639999998', '2017-02-09 18:43:54'),
(56, '193', '14.6601566', '121.02953959999999', '2017-02-09 18:47:11'),
(57, '218', '14.660117200000002', '121.0289244', '2017-02-12 03:42:59'),
(58, '218', '14.660039', '121.0288035', '2017-02-12 04:24:51'),
(59, '218', '14.660039', '121.0288035', '2017-02-12 05:50:13'),
(60, '218', '14.660039', '121.0288035', '2017-02-12 06:07:07'),
(61, '218', '14.660039', '121.0288035', '2017-02-12 06:08:16'),
(62, '218', '14.660039', '121.0288035', '2017-02-12 06:09:57'),
(63, '218', '14.660039', '121.0288035', '2017-02-12 06:11:50'),
(64, '218', '14.6601507', '121.02960039999999', '2017-02-12 06:12:28'),
(65, '218', '14.6601904', '121.02958040000001', '2017-02-12 06:13:44'),
(66, '223', '14.6601464', '121.0295929', '2017-02-12 06:24:59'),
(67, '223', '14.6601464', '121.0295929', '2017-02-12 06:57:59'),
(68, '223', '14.6601464', '121.0295929', '2017-02-12 07:05:43'),
(69, '223', '14.6601464', '121.0295929', '2017-02-12 12:06:20'),
(70, '223', '14.6601464', '121.0295929', '2017-02-12 12:07:44'),
(71, '223', '14.6601464', '121.0295929', '2017-02-12 12:10:43'),
(72, '229', '14.6601343', '121.0295691', '2017-02-12 12:51:08'),
(73, '228', '14.660074999999999', '121.02956139999999', '2017-02-12 13:13:02'),
(74, '232', '14.6601281', '121.0295703', '2017-02-12 13:27:18'),
(75, '232', '14.6601281', '121.0295703', '2017-02-12 13:35:25'),
(76, '232', '14.6601281', '121.0295703', '2017-02-12 13:37:50'),
(77, '239', '14.660087599999999', '121.02956990000001', '2017-02-12 13:44:50'),
(78, '241', '14.660087399999998', '121.02957049999999', '2017-02-12 13:46:46'),
(79, '245', '14.6600511', '121.0295589', '2017-02-12 16:55:16');

-- --------------------------------------------------------

--
-- Table structure for table `breached_checkpoint`
--

CREATE TABLE IF NOT EXISTS `breached_checkpoint` (
  `id` int(11) NOT NULL AUTO_INCREMENT,
  `name` varchar(100) COLLATE utf8_unicode_ci NOT NULL,
  `lat` text COLLATE utf8_unicode_ci NOT NULL,
  `lng` text COLLATE utf8_unicode_ci NOT NULL,
  `operation_id` int(20) NOT NULL,
  `checkpoint_id` int(20) NOT NULL,
  PRIMARY KEY (`id`)
) ENGINE=InnoDB  DEFAULT CHARSET=utf8 COLLATE=utf8_unicode_ci AUTO_INCREMENT=111 ;

--
-- Dumping data for table `breached_checkpoint`
--

INSERT INTO `breached_checkpoint` (`id`, `name`, `lat`, `lng`, `operation_id`, `checkpoint_id`) VALUES
(1, 'breached_checkpoint', '14.661097474565475', '121.02702303724766', 35, 0),
(2, 'breached_checkpoint', '14.661097474565475', '121.02702303724766', 35, 0),
(3, 'breached_checkpoint', '14.660752991901777', '121.02714510605665', 35, 0),
(4, 'breached_checkpoint', '14.660712885050316', '121.03179774102716', 35, 0),
(5, 'breached_checkpoint', '14.660712885050316', '121.03179774102716', 35, 0),
(6, 'breached_checkpoint', '14.662254514430256', '121.02832456895328', 35, 0),
(7, 'breached_checkpoint', '14.662254514430256', '121.02832456895328', 35, 0),
(8, 'breached_checkpoint', '14.662244516401051', '121.02837510409063', 36, 0),
(9, 'breached_checkpoint', '14.660792351792116', '121.02708058083294', 36, 0),
(10, 'breached_checkpoint', '14.662098235946095', '121.03107398563156', 36, 0),
(11, 'breached_checkpoint', '14.661955668424747', '121.03077064917147', 39, 0),
(12, 'breached_checkpoint', '14.661428086419223', '121.0267422320834', 39, 0),
(13, 'breached_checkpoint', '14.658675892991257', '121.03102695458938', 39, 0),
(14, 'breached_checkpoint', '14.659542621908294', '121.02630217275782', 39, 0),
(15, 'breached_checkpoint', '14.657853099999999', '121.02815899999996', 39, 0),
(16, 'breached_checkpoint', '14.661955668424747', '121.03077064917147', 39, 0),
(17, 'breached', '14.660756859958', '121.0271298127', 40, 0),
(18, 'breached', '14.66168398104', '121.02759358506', 40, 0),
(19, 'breached', '14.662255275393', '121.02832035181', 40, 0),
(20, 'breached', '14.662453457452', '121.03083555632', 40, 0),
(21, 'breached', '14.661734311694', '121.0313932405', 40, 0),
(22, 'breached', '14.659510261484', '121.02695255969', 40, 0),
(23, 'breached', '14.657894488837', '121.03085742988', 40, 0),
(24, 'breached', '14.659773853115', '121.03167434583', 40, 0),
(25, 'breached', '14.660756859958', '121.0271298127', 40, 0),
(26, 'breached', '14.66168398104', '121.02759358506', 40, 0),
(27, 'breached', '14.662255275393', '121.02832035181', 40, 0),
(28, 'breached', '14.662453457452', '121.03083555632', 40, 0),
(29, 'breached', '14.661734311694', '121.0313932405', 40, 0),
(30, 'breached', '14.659510261484', '121.02695255969', 40, 0),
(31, 'breached', '14.657894488837', '121.03085742988', 40, 0),
(32, 'breached', '14.659773853115', '121.03167434583', 40, 0),
(33, 'breached', '14.660756859958', '121.0271298127', 40, 0),
(34, 'breached', '14.66168398104', '121.02759358506', 40, 0),
(35, 'breached', '14.662255275393', '121.02832035181', 40, 0),
(36, 'breached', '14.662453457452', '121.03083555632', 40, 0),
(37, 'breached', '14.661734311694', '121.0313932405', 40, 0),
(38, 'breached', '14.659510261484', '121.02695255969', 40, 0),
(39, 'breached', '14.657894488837', '121.03085742988', 40, 0),
(40, 'breached', '14.659773853115', '121.03167434583', 40, 0),
(41, 'breached', '14.661558195379', '121.02744313433', 40, 0),
(42, 'breached', '14.662169616788', '121.02833867952', 40, 0),
(43, 'breached', '14.662431992427', '121.0308469954', 40, 0),
(44, 'breached', '14.661683544532', '121.03140441019', 40, 0),
(45, 'breached', '14.660723425678', '121.02707178051', 40, 0),
(46, 'breached', '14.658553657705', '121.03157809064', 40, 0),
(47, 'breached', '14.661558195379', '121.02744313433', 40, 0),
(48, 'breached', '14.662169616788', '121.02833867952', 40, 0),
(49, 'breached', '14.662431992427', '121.0308469954', 40, 0),
(50, 'breached', '14.661683544532', '121.03140441019', 40, 0),
(51, 'breached', '14.660723425678', '121.02707178051', 40, 0),
(52, 'breached', '14.658553657705', '121.03157809064', 40, 0),
(53, 'breached', '14.66073167602', '121.02722938383', 40, 0),
(54, 'breached', '14.661970918069', '121.02829026517', 40, 0),
(55, 'breached', '14.662461738647', '121.0306874543', 40, 0),
(56, 'breached', '14.660674348839', '121.02705961872', 40, 0),
(57, 'breached', '14.662210108028', '121.02834854551', 40, 0),
(58, 'breached', '14.662103852846', '121.03101919697', 40, 0),
(59, 'breached', '14.660674348839', '121.02705961872', 40, 0),
(60, 'breached', '14.662210108028', '121.02834854551', 40, 0),
(61, 'breached', '14.662103852846', '121.03101919697', 40, 0),
(62, 'breached', '14.660674348839', '121.02705961872', 40, 0),
(63, 'breached', '14.662210108028', '121.02834854551', 40, 0),
(64, 'breached', '14.662103852846', '121.03101919697', 40, 0),
(65, 'breached', '14.660740565945', '121.02719423526', 40, 0),
(66, 'breached', '14.662210108028', '121.02834854551', 40, 0),
(67, 'breached', '14.662425651106', '121.03085037479', 40, 0),
(68, 'breached', '14.660719710176', '121.0317679134', 40, 0),
(69, 'breached', '14.660659223079', '121.02705587039', 41, 0),
(70, 'breached', '14.662241046966', '121.02835608401', 41, 0),
(71, 'breached', '14.66245857823', '121.03083282737', 41, 0),
(72, 'breached', '14.661721004533', '121.03136539332', 41, 0),
(73, 'breached', '14.659722328077', '121.03190573861', 41, 0),
(74, 'breached', '14.6578676213', '121.03096975885', 41, 0),
(75, 'breached', '14.660659223079', '121.02705587039', 41, 0),
(76, 'breached', '14.662241046966', '121.02835608401', 41, 0),
(77, 'breached', '14.66245857823', '121.03083282737', 41, 0),
(78, 'breached', '14.661721004533', '121.03136539332', 41, 0),
(79, 'breached', '14.659722328077', '121.03190573861', 41, 0),
(80, 'breached', '14.6578676213', '121.03096975885', 41, 0),
(81, 'breached', '14.659928814657', '121.02700306874', 41, 0),
(82, 'breached', '14.661850641598', '121.02785636131', 41, 0),
(83, 'breached', '14.662010323892', '121.02956028222', 41, 0),
(84, 'breached', '14.660721234467', '121.03176125183', 41, 0),
(85, 'breached', '14.660790209901', '121.02708079991', 42, 0),
(86, 'breached', '14.662274745134', '121.0282124533', 42, 0),
(87, 'breached', '14.662433468169', '121.03084620895', 42, 0),
(88, 'breached', '14.661158415736', '121.03192789959', 42, 0),
(89, 'breached', '14.659754861284', '121.03175961459', 42, 0),
(90, 'chcpt1', '14.661332229824', '121.0271677916', 42, 0),
(91, 'chcpt1', '14.661788689312', '121.02824586392', 42, 0),
(92, 'chcpt1', '14.662029538052', '121.03092829207', 42, 0),
(93, 'chcpt1', '14.661693060578', '121.0314064351', 42, 0),
(94, '2', '14.660495829269', '121.0271329174', 43, 241),
(95, '2', '14.661810015529', '121.02774789995', 43, 241),
(96, '2', '14.662432120034', '121.03084692739', 43, 241),
(97, '2', '14.662245691229', '121.02837003033', 43, 241),
(98, '2', '14.660978045012', '121.0317600461', 43, 241),
(99, '2', '14.65905871813', '121.0316064848', 43, 241),
(100, '2', '14.659394802219', '121.02748609381', 43, 241),
(101, '2', '14.659965806958', '121.02701083693', 43, 241),
(102, '2', '14.66021256816', '121.03187279078', 43, 241),
(103, '2', '14.661520698206', '121.0309462243', 43, 241),
(104, '2', '14.661750417646', '121.02834762448', 43, 241),
(105, 'chcpt1', '14.660747247909', '121.02716781641', 46, 245),
(106, 'chcpt1', '14.662254273151', '121.02835918819', 46, 245),
(107, 'chcpt1', '14.662101243711', '121.03108026942', 46, 245),
(108, 'chcpt1', '14.661121354256', '121.03179182906', 46, 245),
(109, 'chcpt1', '14.659806929537', '121.02684594478', 46, 245),
(110, 'chcpt1', '14.65854403857', '121.03162038934', 46, 245);

-- --------------------------------------------------------

--
-- Table structure for table `checkpoints`
--

CREATE TABLE IF NOT EXISTS `checkpoints` (
  `id` int(11) NOT NULL AUTO_INCREMENT,
  `operation_id` int(11) NOT NULL,
  `name` varchar(11) COLLATE utf8_unicode_ci NOT NULL,
  `lat` mediumtext COLLATE utf8_unicode_ci NOT NULL,
  `lng` mediumtext COLLATE utf8_unicode_ci NOT NULL,
  `location` tinytext COLLATE utf8_unicode_ci NOT NULL,
  PRIMARY KEY (`id`)
) ENGINE=InnoDB  DEFAULT CHARSET=utf8 COLLATE=utf8_unicode_ci AUTO_INCREMENT=271 ;

--
-- Dumping data for table `checkpoints`
--

INSERT INTO `checkpoints` (`id`, `operation_id`, `name`, `lat`, `lng`, `location`) VALUES
(1, 1, 'test', '14.606182665321', '121.03003455581', '2 Dr.P.A.Narciso, San Juan, 1500 Metro Manila, Philippines'),
(2, 1, 'test2', '14.607846894341', '121.02946258992', ''),
(3, 1, 'test3', '14.608119851008', '121.02934967095', ''),
(4, 1, 'test4', '14.608378475308', '121.02913404287', ''),
(5, 1, 'test4', '14.60866775461', '121.02857648787', ''),
(6, 1, 'test5', '14.609120514126', '121.02746751214', ''),
(7, 4, '', '14.607608843871', '121.03106859735', ''),
(8, 4, '', '14.605915322506', '121.03020279301', ''),
(9, 4, 'pinaglabana', '14.603823033792', '121.03096930256', ''),
(10, 4, 'ibuna', '14.603030870518', '121.03341838692', ''),
(11, 4, '', '14.604945447623', '121.03535902847', ''),
(12, 4, '', '14.60754627338', '121.0345159588', ''),
(13, 5, '', '14.605956700079', '121.03683127957', ''),
(14, 5, 'artiaga', '14.605956700079', '121.03683127957', ''),
(15, 5, '', '14.602174387101', '121.03550328566', ''),
(16, 5, 'test', '14.602174387101', '121.03550328566', ''),
(17, 5, '', '14.605038455768', '121.03224032476', ''),
(18, 5, 'bagiua', '14.605038455768', '121.03224032476', ''),
(19, 6, '', '14.603190220559', '121.04038814883', ''),
(20, 6, '', '14.603190220559', '121.04038814883', ''),
(21, 6, '', '14.603190220559', '121.04038814883', ''),
(22, 6, 'xavier', '14.603190220559', '121.04038814883', ''),
(23, 6, '', '14.603960905264', '121.03897107126', ''),
(24, 6, 'xavier1', '14.603960905264', '121.03897107126', ''),
(25, 7, '', '14.60652852681', '121.03669251003', ''),
(26, 7, '', '14.60652852681', '121.03669251003', ''),
(27, 7, '', '14.603119095706', '121.04051830533', ''),
(28, 7, 'label1', '14.603119095706', '121.04051830533', ''),
(29, 7, '', '14.605637975184', '121.04189449488', ''),
(30, 7, '', '14.605637975184', '121.04189449488', ''),
(31, 8, '', '14.602213245635', '121.03547854316', ''),
(32, 8, '', '14.602213245635', '121.03547854316', ''),
(33, 8, '', '14.604930498044', '121.03572039973', ''),
(34, 8, 'marwen', '14.604930498044', '121.03572039973', ''),
(35, 8, '', '14.606676281526', '121.03159499855', ''),
(36, 8, '', '14.606676281526', '121.03159499855', ''),
(37, 8, '', '14.604323398011', '121.02974909342', ''),
(38, 8, '', '14.604323398011', '121.02974909342', ''),
(39, 8, '', '14.601945944034', '121.03035897242', ''),
(40, 8, '', '14.601945944034', '121.03035897242', ''),
(41, 13, '', '14.603226920067', '121.03330200391', ''),
(42, 13, '', '14.602259351897', '121.03708233723', ''),
(43, 13, '', '14.600167988125', '121.03649541335', ''),
(44, 13, '', '14.603899393885', '121.03698360203', ''),
(45, 13, '', '14.601334642963', '121.03475197648', ''),
(46, 13, '', '14.602098523757', '121.03913376406', ''),
(47, 13, '', '14.599936591539', '121.03782551177', ''),
(48, 13, '', '14.603685874319', '121.03586112498', ''),
(49, 14, '', '14.603904664267', '121.03710599488', ''),
(50, 14, '', '14.602378877204', '121.03780837323', ''),
(51, 14, '', '14.601825723698', '121.04063489131', ''),
(52, 14, 'polygon1', '14.604231103534', '121.04230752354', ''),
(53, 14, 'polygon', '14.60579638577', '121.04028061964', ''),
(54, 15, 'suso', '14.606659483683', '121.03053507027', ''),
(55, 15, 'koko', '14.6056457', '121.0296288', ''),
(56, 15, 'ser', '14.605853038254', '121.03188471256', ''),
(57, 15, 'ser', '14.604703742632', '121.03291578276', ''),
(58, 15, 'congee', '14.603436518577', '121.03260524196', ''),
(59, 15, 'sda', '14.602977875759', '121.03061359889', ''),
(60, 15, 'ada', '14.603610375894', '121.02906526764', ''),
(61, 15, 'corb', '14.604734625505', '121.02906720936', ''),
(62, 17, 'kulanji', '14.607487042378', '121.03047160407', ''),
(63, 17, '', '14.606957080441', '121.03416251006', ''),
(64, 17, 'tekla', '14.605053785077', '121.03407114421', ''),
(65, 17, 'tintin', '14.60441534798', '121.03255034363', ''),
(66, 17, 'timario', '14.605859704707', '121.0300713657', ''),
(67, 17, '', '14.608072365319', '121.0325063638', ''),
(68, 19, '', '14.605137890068', '121.02842553779', ''),
(69, 19, '', '14.606626030231', '121.03154298272', ''),
(70, 19, '', '14.604935301621', '121.02873595459', ''),
(71, 19, '', '14.604737429531', '121.0290619133', ''),
(72, 19, '', '14.604427700072', '121.03054446698', ''),
(73, 19, '', '14.604366388306', '121.03151190254', ''),
(74, 19, '', '14.603550055701', '121.03082648186', ''),
(75, 19, '', '14.599698690197', '121.02964584984', ''),
(76, 19, '', '14.600852959163', '121.03374681376', ''),
(77, 19, '', '14.600093293379', '121.03355155882', ''),
(78, 19, '', '14.601066040147', '121.03117954326', ''),
(79, 19, '', '14.601547081236', '121.03013320051', ''),
(80, 19, '', '14.600633120099', '121.02978666337', ''),
(81, 19, '', '14.601431426378', '121.03271056387', ''),
(82, 19, '', '14.604763331354', '121.02506789744', ''),
(83, 19, '', '14.606347069997', '121.02792770344', ''),
(84, 19, '', '14.606386223858', '121.02854279294', ''),
(85, 19, '', '14.601439845722', '121.02935992613', ''),
(86, 19, '', '14.601699258881', '121.0319327856', ''),
(87, 19, '', '14.599490132099', '121.0292214487', ''),
(88, 19, '', '14.600726784183', '121.03302108768', ''),
(89, 19, '', '14.601223944815', '121.03148643041', ''),
(90, 19, '', '14.601730276908', '121.0308062806', ''),
(91, 19, '', '14.6018957', '121.0300102', ''),
(92, 19, '', '14.600546849161', '121.03327106818', ''),
(93, 21, '', '14.607977715443', '121.03237282811', ''),
(94, 21, '', '14.607780937671', '121.03175090452', ''),
(95, 21, '', '14.607477668611', '121.03114128179', ''),
(96, 21, '', '14.604754418008', '121.03034915965', ''),
(97, 21, '', '14.6050733', '121.0302295', ''),
(98, 21, '', '14.606003776586', '121.03040178573', ''),
(99, 22, 'hello', '14.603972681849', '121.02889873903', ''),
(100, 22, 'today', '14.604092809239', '121.03188047822', ''),
(101, 22, 'hete', '14.602947274525', '121.03263536379', ''),
(102, 22, 'now', '14.600165808865', '121.03173530087', ''),
(103, 22, 'same', '14.600069004753', '121.02919451779', ''),
(104, 22, 'added', '14.601295249275', '121.02836399094', ''),
(105, 22, 'dirty', '14.602880354247', '121.02846776486', ''),
(106, 23, 'asdad', '14.599690010784', '121.03398253705', ''),
(107, 23, 'dssada', '14.599263686734', '121.03686154094', ''),
(108, 23, 'dad', '14.598232274797', '121.03321870783', ''),
(109, 23, 'dada', '14.5968318', '121.0358438', ''),
(110, 23, 'aafa', '14.600678529102', '121.03619253148', ''),
(111, 24, '', '14.603030092025', '121.02904156977', ''),
(112, 24, '', '14.604064493443', '121.03074142029', ''),
(113, 24, '', '14.607277628671', '121.02748029088', ''),
(114, 24, '', '14.607564540855', '121.02931078937', ''),
(115, 25, 'kopal', '14.604579', '121.0375048', ''),
(116, 26, 'taeako', '14.606812891386', '121.0269759427', ''),
(117, 26, 'taena', '14.606326069281', '121.03111655408', ''),
(118, 26, 'taetayo', '14.603490617352', '121.0304065721', ''),
(119, 26, 'taesya', '14.604805489015', '121.02653320281', ''),
(120, 27, '', '14.605519252018', '121.03203042984', ''),
(121, 27, '', '', '', ''),
(122, 27, '', '14.603504614516', '121.03314263647', ''),
(123, 27, '', '', '', ''),
(124, 27, '', '14.601711625462', '121.03156489974', ''),
(125, 27, '', '', '', ''),
(126, 27, '', '', '', ''),
(127, 27, '', '14.609451535174', '121.02881073405', ''),
(128, 27, '', '', '', ''),
(129, 27, '', '14.608328932903', '121.02808589146', ''),
(130, 27, '', '', '', ''),
(131, 27, '', '', '', ''),
(132, 27, '', '14.594615361713', '121.03185301973', ''),
(133, 27, '', '', '', ''),
(134, 27, '', '14.595349351281', '121.03443038999', ''),
(135, 27, '', '', '', ''),
(136, 27, '', '', '', ''),
(137, 27, '', '', '', ''),
(138, 27, '', '', '', ''),
(139, 27, '', '', '', ''),
(140, 27, '', '', '', ''),
(141, 27, '', '', '', ''),
(142, 27, '', '', '', ''),
(143, 27, '', '', '', ''),
(144, 27, '', '', '', ''),
(145, 27, '', '', '', ''),
(146, 27, '', '', '', ''),
(147, 27, '', '', '', ''),
(148, 27, '', '', '', ''),
(149, 27, '', '14.609963457065', '121.02686932325', ''),
(150, 27, '', '14.610110639814', '121.02909067661', ''),
(151, 27, '', '14.60893648083', '121.02546585171', ''),
(152, 27, '', '14.606294730755', '121.03192749298', '486-494 Lt. Artiaga, Manila, Metro Manila, Philippines'),
(153, 27, '', '14.60510358781', '121.03014429959', '2 Dr.P.A.Narciso, San Juan, 1500 Metro Manila, Philippines'),
(154, 27, '', '14.603348632333', '121.03000381876', '148 Jose Gil, San Juan, 1500 Metro Manila, Philippines'),
(155, 27, '', '14.598689910084', '121.0288704378', '171 F. Blumentritt, Manila, Metro Manila, Philippines'),
(156, 27, '', '14.598710982903', '121.03319016484', '6 M. Miranda, San Juan, 1500 Metro Manila, Philippines'),
(157, 27, '', '14.604708063746', '121.02911737752', '627 Pinaglabanan, San Juan, 1500 Metro Manila, Philippines'),
(158, 27, '', '14.605039912382', '121.03429274121', '275 Col. Bonny Serrano Ave, San Juan, Metro Manila, Philippines'),
(159, 27, '', '14.60591348996', '121.03633276998', '242 Lt. Artiaga, Manila, Metro Manila, Philippines'),
(160, 27, '', '14.604908950008', '121.0322974734', '273 Col. Bonny Serrano Ave, San Juan, Metro Manila, Philippines'),
(161, 27, '', '14.611826792521', '121.0304132864', '188 Mendoza, San Juan, Metro Manila, Philippines'),
(162, 28, 'chcpt1', '14.607052337728', '121.03137478433', '464-476 Lt. Artiaga, Manila, Metro Manila, Philippines'),
(163, 28, 'ada', '14.606995372363', '121.03410368022', '207 M. Paterno, San Juan, Metro Manila, Philippines'),
(164, 28, 'chcpt3', '14.604122494207', '121.03087457782', 'Jose Gil, San Juan, Metro Manila, Philippines'),
(165, 28, 'chcpt4', '14.603435003069', '121.03449149781', '10 Ibuna, Lungsod ng San Juan, 1500 Kalakhang Maynila, Philippines'),
(166, 29, 'chcpt1', '14.606367823772', '121.03183813467', '486 Lt. Artiaga, San Juan, 1500 Metro Manila, Philippines'),
(167, 29, 'chcpt2', '14.606833866712', '121.02845174994', 'Paraiso, Manila, Metro Manila, Philippines'),
(168, 29, 'chcpt3', '14.605201779456', '121.02805565515', '120 Mons Alvarez, San Juan, Metro Manila, Philippines'),
(169, 29, 'chcpt4', '14.603080453458', '121.02925523145', '143 Jose Gil, Manila, Metro Manila, Philippines'),
(170, 30, 'kim2', '14.604925900024', '121.02999396067', '242 Pinaglabanan, Manila, Metro Manila, Philippines'),
(171, 30, 'kim', '14.605095641111', '121.0335397391', '273 Col. Bonny Serrano Ave, San Juan, 1500 Metro Manila, Philippines'),
(172, 30, 'kim4', '14.602230039419', '121.02997058231', '164 F. Roxas, Manila, Metro Manila, Philippines'),
(173, 30, 'kim5', '14.601516917703', '121.03263058119', '40 J. P. Rizal, Manila, Metro Manila, Philippines'),
(174, 33, '', '14.606347035591', '121.02792708683', '128 Pancho Villa, San Juan, 1500 Metro Manila, Philippines'),
(175, 33, '', '14.604711015641', '121.02684781771', '112 J. Basa, San Juan, 1500 Metro Manila, Philippines'),
(176, 33, '', '14.60211927447', '121.02755367282', '125 Jose Gil, San Juan, 1500 Metro Manila, Philippines'),
(177, 33, '', '14.603693939616', '121.02680667374', '119 F. Sevilla, San Juan, 1500 Metro Manila, Philippines'),
(178, 33, '', '14.606127201502', '121.03068637079', '24 Dr.P.A.Narciso, San Juan, 1500 Metro Manila, Philippines'),
(179, 33, '', '14.604518777925', '121.03186283755', '29 Pinaglabanan, Cororazon De Jesus, San Juan, 1500 Metro Manila, Philippines'),
(180, 33, '', '14.607186696536', '121.03130170675', '464-476 Lt. Artiaga, Manila, Metro Manila, Philippines'),
(181, 33, '', '14.605655768127', '121.03499515923', '238 Lt. Artiaga, Manila, Metro Manila, Philippines'),
(182, 33, '', '14.60378385864', '121.03077826254', '29 Pinaglabanan, Cororazon De Jesus, San Juan, 1500 Metro Manila, Philippines'),
(183, 33, '', '14.603059151522', '121.03339830543', '227 A P. Guevarra St, San Juan, 1500 Metro Manila, Philippines'),
(184, 34, 'chcpt1', '14.607087316264', '121.02963848648', '163 Corazon De Jesus, San Juan, 1500 Metro Manila, Philippines'),
(185, 34, 'chicken', '14.603869806769', '121.03287385509', '22 Marne, San Juan, 1500 Metro Manila, Philippines'),
(186, 34, 'checking', '14.602861950818', '121.02842769289', '148 Jose Gil, Manila, Metro Manila, Philippines'),
(187, 34, 'chcpt4', '14.605235347919', '121.02816239902', '120 Mons Alvarez, San Juan, Metro Manila, Philippines'),
(188, 35, 'chcpt1', '14.608730586498', '121.02668399983', '4 J.Ruiz, San Juan, Metro Manila, Philippines'),
(189, 35, 'chcpt2', '14.608998881054', '121.02897067961', '171 N Domingo St, San Juan, 1500 Metro Manila, Philippines'),
(190, 35, 'chcpt3', '14.606818359686', '121.02555280284', '164 N Domingo St, San Juan, 1500 Metro Manila, Philippines'),
(191, 35, 'chcpt4', '14.604776365451', '121.02648693643', '405 Santos, San Juan, 1500 Metro Manila, Philippines'),
(192, 35, 'chcpt5', '14.604813219812', '121.02896617865', '2 Dr.P.A.Narciso, San Juan, 1500 Metro Manila, Philippines'),
(193, 36, 'chcpt1', '14.604277207978', '121.02379586084', '79 F. Blumentritt, Manila, Metro Manila, Philippines'),
(194, 36, 'chcpt2', '14.60603545649', '121.0264363337', '110 Benavidez St, San Juan, Metro Manila, Philippines'),
(195, 36, 'chcpt3', '14.604048803695', '121.02877526653', '152 J. Arellano, San Juan, 1500 Metro Manila, Philippines'),
(196, 37, 'chcpt1', '14.606351616898', '121.02641862981', '110c Benavidez St, San Juan, Metro Manila, Philippines'),
(197, 37, 'chcpt1', '14.606788973049', '121.02777984352', '612 Pinaglabanan, San Juan, 1500 Metro Manila, Philippines'),
(198, 37, 'chcpt1', '14.604817339833', '121.02566003208', 'Macapagal Apartment, 23, San Juan, 1600 Metro Manila, Philippines'),
(199, 37, 'chcpt1', '14.603651078564', '121.02580171203', '215 F. Blumentritt, San Juan, 1500 Metro Manila, Philippines'),
(200, 37, 'chcpt1', '14.602866977727', '121.02843863857', '148 Jose Gil, Manila, Metro Manila, Philippines'),
(201, 37, 'chcpt1', '14.603774726067', '121.0304775034', '148 Jose Gil, San Juan, 1500 Metro Manila, Philippines'),
(202, 38, 'console', '14.608597135909', '121.02844256058', '210 N Domingo St, San Juan, Metro Manila, Philippines'),
(203, 38, 'bitch', '14.607384684299', '121.02677193688', 'Captian Manzano, Manila, Metro Manila, Philippines'),
(204, 38, 'again', '14.604658863887', '121.02735229631', '120-C Mons Alvarez, San Juan, 1500 Metro Manila, Philippines'),
(205, 38, 'cancel', '14.604003537198', '121.03068454605', 'Jose Gil, San Juan, Metro Manila, Philippines'),
(206, 38, 'san', '14.606621372931', '121.03153615339', '42 Dr.P.A.Narciso, San Juan, 1500 Metro Manila, Philippines'),
(207, 38, 'chcpt1', '14.608459374403', '121.03198230116', '166 M. Paterno, San Juan, 1500 Metro Manila, Philippines'),
(208, 38, 'chcpt2', '14.608705992648', '121.03423458312', '191 Pasadena, San Juan, 1500 Metro Manila, Philippines'),
(209, 38, 'chcpt3', '14.606185674871', '121.03076946266', '24 Dr.P.A.Narciso, Manila, Metro Manila, Philippines'),
(210, 38, 'chcpt4', '14.60441534798', '121.03255034363', 'Pinaglabanan, Manila, Metro Manila, Philippines'),
(211, 38, 'chcpt5', '14.606923515945', '121.03578822619', '209 F.Benitez, San Juan, 1500 Metro Manila, Philippines'),
(212, 38, 'chcpt6', '14.606077929871', '121.03552889094', '209 M. Paterno, San Juan, Metro Manila, Philippines'),
(213, 38, 'chcpt7', '14.605515477945', '121.03533200219', '9 Lt. Artiaga, San Juan, 1500 Metro Manila, Philippines'),
(214, 38, 'chcpt1', '14.607320443108', '121.03351459505', '174-196 M. Paterno, San Juan, Metro Manila, Philippines'),
(215, 38, 'chcpt2', '14.606074123034', '121.03553577901', '209 M. Paterno, San Juan, Metro Manila, Philippines'),
(216, 38, 'chcpt3', '14.606150664104', '121.03223118555', '485 Lt. Artiaga, Manila, Metro Manila, Philippines'),
(217, 38, 'chcpt4', '14.605465872027', '121.03205373329', '494 Lt. Artiaga, San Juan, 1500 Metro Manila, Philippines'),
(218, 39, 'budak', '14.611382039176', '121.02842626555', '68-151 Aurora Blvd, New Manila, Quezon City, Metro Manila, Philippines'),
(219, 39, 'SA', '14.610914240733', '121.02736069036', '158 Aurora Blvd, San Juan, 1500 Metro Manila, Philippines'),
(220, 39, 'sheperd', '14.609187104826', '121.02741077379', '140 G.Reyes, San Juan, Metro Manila, Philippines'),
(221, 39, 'selphone', '14.607132199615', '121.02947838429', 'Paraiso, Manila, Metro Manila, Philippines'),
(222, 39, 'san miguel', '14.609100568904', '121.03098520353', '157 F.Benitez, San Juan, 1500 Metro Manila, Philippines'),
(223, 40, 'new', '14.604160659954', '121.03074118114', 'Jose Gil, San Juan, Metro Manila, Philippines'),
(224, 40, 'bidding', '14.604943885657', '121.03539678599', '303 Col. Bonny Serrano Ave, San Juan, 1500 Metro Manila, Philippines'),
(225, 40, 'chcpt3', '14.601752608555', '121.03162240827', '27 J. P. Rizal, San Juan, 1500 Metro Manila, Philippines'),
(226, 40, 'third', '14.602440535076', '121.0352186809', '265 Ibuna, Maynila, Kalakhang Maynila, Philippines'),
(227, 40, 'chcpt5', '14.60168550408', '121.03376827689', '220 B. Padilla, San Juan, 1500 Metro Manila, Philippines'),
(228, 41, 'chcpt1', '14.60509893908', '121.02848522066', '627 Pinaglabanan, San Juan, 1500 Metro Manila, Philippines'),
(229, 41, 'new', '14.606462129799', '121.03130824609', '42 Dr.P.A.Narciso, San Juan, 1500 Metro Manila, Philippines'),
(230, 41, 'chcpt3', '14.602310306606', '121.02920432835', 'Kalayaan, San Juan, Metro Manila, Philippines'),
(231, 41, 'chcpt4', '14.602665801659', '121.03276519105', '14 Marne, Manila, Metro Manila, Philippines'),
(232, 42, 'chcpt1', '14.607593345838', '121.02802079213', '106 Lactao, San Juan, 1500 Metro Manila, Philippines'),
(233, 42, 'chcpt2', '14.608633047835', '121.0299620076', 'Josefa, Manila, Metro Manila, Philippines'),
(234, 42, 'chcpt3', '14.608127437821', '121.03152992797', '162 Alfonso XIII, Manila, Metro Manila, Philippines'),
(235, 42, 'chcpt4', '14.605373454075', '121.02813113775', '627 Pinaglabanan, San Juan, 1500 Metro Manila, Philippines'),
(236, 42, 'chcpt5', '14.604136538528', '121.03096946546', '29 Pinaglabanan, Cororazon De Jesus, San Juan, 1500 Metro Manila, Philippines'),
(237, 42, 'chcpt6', '14.604985108451', '121.0323498029', '273 Col. Bonny Serrano Ave, San Juan, Metro Manila, Philippines'),
(238, 42, 'chcpt7', '14.606681410803', '121.03308330701', '162 Alfonso XIII, Manila, Metro Manila, Philippines'),
(239, 43, '1', '14.608656576943', '121.0285209769', '220 N Domingo St, San Juan, 1500 Metro Manila, Philippines'),
(240, 43, 'chcpt2', '14.607376502185', '121.02734071798', '625-B Pinaglabanan, San Juan, 1500 Metro Manila, Philippines'),
(241, 43, '2', '14.608833419237', '121.02988783708', 'Josefa, Manila, Metro Manila, Philippines'),
(242, 43, 'chcpt4', '14.604255873292', '121.03065387424', 'Jose Gil, San Juan, Metro Manila, Philippines'),
(243, 43, 'chcpt5', '14.604510948938', '121.02964791263', '242 Pinaglabanan, San Juan, 1500 Metro Manila, Philippines'),
(244, 43, 'chcpt6', '14.605546059145', '121.03201872697', '494 Lt. Artiaga, San Juan, 1500 Metro Manila, Philippines'),
(245, 46, 'chcpt1', '14.609347222095', '121.02941536288', '1500 N Domingo St, San Juan, Metro Manila, Philippines'),
(246, 46, 'chcpt2', '14.608556800234', '121.0286431672', '101 Corazon De Jesus, San Juan, 1500 Metro Manila, Philippines'),
(247, 46, 'chcpt3', '14.608962701328', '121.03142850164', '162 M. Paterno, San Juan, 1500 Metro Manila, Philippines'),
(248, 46, 'chcpt4', '14.606983466667', '121.02803878349', '106 Lactao, San Juan, 1500 Metro Manila, Philippines'),
(249, 46, 'chcpt5', '14.607118941415', '121.0322811049', '162 Alfonso XIII, San Juan, 1500 Metro Manila, Philippines'),
(250, 47, 'chcpt1', '14.6077561', '121.0481504', '46 Eisenhower, San Juan, Metro Manila, Philippines'),
(251, 47, 'chcpt2', '14.604973126029', '121.04834596029', 'Hacienda Lastimosa, Filmore, San Juan, Metro Manila, Philippines'),
(252, 47, 'chcpt3', '14.604315750522', '121.05042586517', '130 Rd 10, San Juan, Metro Manila, Philippines'),
(253, 75, 'chcpt1', '14.606852202405', '121.02975365926', '169 Corazon De Jesus, San Juan, 1500 Metro Manila, Philippines'),
(254, 75, 'chcpt2', '14.605370138556', '121.02813428184', '627 Pinaglabanan, San Juan, 1500 Metro Manila, Philippines'),
(255, 75, 'chcpt3', '14.606202025901', '121.03290860301', '504-A Lt. Artiaga, San Juan, 1500 Metro Manila, Philippines'),
(256, 75, 'chcpt4', '14.602495975133', '121.02916226337', 'Kalayaan, San Juan, Metro Manila, Philippines'),
(257, 75, 'chcpt5', '14.603470239313', '121.03316236425', '259-269 P. Guevarra St, San Juan, Metro Manila, Philippines'),
(258, 80, 'chcpt1', '14.610189682086', '121.02487545451', '137 Aurora Blvd, San Juan, 1500 Metro Manila, Philippines'),
(259, 80, 'chcpt2', '14.612114440912', '121.02537801663', '174 29 De Agosto, San Juan, 1500 Metro Manila, Philippines'),
(260, 80, 'chcpt3', '14.611612027865', '121.02944507744', '178 Aurora Blvd, San Juan, 1500 Metro Manila, Philippines'),
(261, 80, 'chcpt4', '14.607863179106', '121.02712849501', '190 N Domingo St, San Juan, 1500 Metro Manila, Philippines'),
(262, 80, 'chcpt5', '14.609594553895', '121.02959357713', 'Marina, Manila, Metro Manila, Philippines'),
(263, 81, 'chcpt1', '14.601203008241', '121.03589846743', '301-A P. Guevarra St, San Juan, 1500 Metro Manila, Philippines'),
(264, 81, 'chcpt2', '14.600025450439', '121.03530961262', '199 B. Padilla, Manila, Metro Manila, Philippines'),
(265, 81, 'chcpt3', '14.59971143651', '121.04008335491', '5-E E Jacinto, San Juan, 1500 Metro Manila, Philippines'),
(266, 82, 'chcpt1', '14.6087167', '121.0259845', '119 R.Lagmay, San Juan, 1500 Metro Manila, Philippines'),
(267, 82, 'chcpt2', '14.607720688407', '121.02488944572', '107-109 R.Lagmay, Manila, Metro Manila, Philippines'),
(268, 82, 'chcpt3', '14.608820677621', '121.02850083857', '220 N Domingo St, San Juan, 1500 Metro Manila, Philippines'),
(269, 82, 'chcpt4', '14.607139118785', '121.02949691783', 'Paraiso, Manila, Metro Manila, Philippines'),
(270, 82, 'chcpt5', '14.604749884473', '121.02672189222', '112 J. Basa, San Juan, 1500 Metro Manila, Philippines');

-- --------------------------------------------------------

--
-- Table structure for table `on_going_operation`
--

CREATE TABLE IF NOT EXISTS `on_going_operation` (
  `id` int(11) NOT NULL AUTO_INCREMENT,
  `checkpoint_id` int(11) NOT NULL,
  `lat` text COLLATE utf8_unicode_ci NOT NULL,
  `lng` text COLLATE utf8_unicode_ci NOT NULL,
  `time_updated` timestamp NOT NULL DEFAULT CURRENT_TIMESTAMP ON UPDATE CURRENT_TIMESTAMP,
  `counter` int(50) NOT NULL,
  `breached` varchar(4) COLLATE utf8_unicode_ci NOT NULL,
  PRIMARY KEY (`id`)
) ENGINE=InnoDB  DEFAULT CHARSET=utf8 COLLATE=utf8_unicode_ci AUTO_INCREMENT=268 ;

--
-- Dumping data for table `on_going_operation`
--

INSERT INTO `on_going_operation` (`id`, `checkpoint_id`, `lat`, `lng`, `time_updated`, `counter`, `breached`) VALUES
(1, 0, '', '', '2017-01-31 03:26:55', 0, ''),
(2, 100, '14.660127000000001', '121.02956639999998', '0000-00-00 00:00:00', 58, 'yes'),
(3, 1, '14.660430199999999', '121.02958749999999', '0000-00-00 00:00:00', 47, 'yes'),
(4, 10, '14.6262913', '121.0589671', '0000-00-00 00:00:00', 17, 'no'),
(5, 28, '14.6094007', '121.0878786', '0000-00-00 00:00:00', 32, 'yes'),
(6, 34, '14.6260645', '121.0625779', '0000-00-00 00:00:00', 228, 'no'),
(7, 2, '14.660099299999997', '121.0295358', '0000-00-00 00:00:00', 6, 'no'),
(8, 53, '14.660276600000001', '121.02953810000001', '2017-02-06 16:34:12', 13, 'no'),
(9, 52, '14.660316499999999', '121.02961359999999', '2017-02-06 16:34:12', 29, 'no'),
(10, 115, '14.660315899999999', '121.02961789999999', '0000-00-00 00:00:00', 537, 'no'),
(11, 119, '14.6601629', '121.0295571', '0000-00-00 00:00:00', 10, 'no'),
(12, 118, '14.660080200000001', '121.0295596', '0000-00-00 00:00:00', 0, 'no'),
(13, 162, '14.6600439', '121.0295464', '0000-00-00 00:00:00', 533, 'no'),
(14, 165, '14.6600757', '121.02954860000001', '0000-00-00 00:00:00', 538, 'no'),
(15, 171, '14.6601356', '121.0295395', '0000-00-00 00:00:00', 99, 'no'),
(16, 173, '14.6600841', '121.0295085', '0000-00-00 00:00:00', 320, 'no'),
(17, 170, '14.660103000000001', '121.0295442', '0000-00-00 00:00:00', 3, 'no'),
(18, 185, '14.660120999999998', '121.0295398', '0000-00-00 00:00:00', 40, 'no'),
(19, 184, '14.660126', '121.02954869999998', '0000-00-00 00:00:00', 7, 'no'),
(20, 188, '14.6601297', '121.0295665', '0000-00-00 00:00:00', 2, 'no'),
(21, 193, '14.6601226', '121.02954469999999', '0000-00-00 00:00:00', 26, 'no'),
(258, 218, '14.6601904', '121.02958040000001', '0000-00-00 00:00:00', 80, 'no'),
(259, 223, '14.6601134', '121.0295608', '0000-00-00 00:00:00', 20, 'no'),
(260, 229, '14.660128900000002', '121.0295691', '0000-00-00 00:00:00', 8, 'no'),
(261, 228, '14.6601325', '121.0295719', '0000-00-00 00:00:00', 5, 'no'),
(262, 232, '14.6601281', '121.0295703', '0000-00-00 00:00:00', 284, 'no'),
(263, 233, '14.6601281', '121.0295703', '0000-00-00 00:00:00', 290, 'no'),
(264, 239, '14.660087599999999', '121.02956990000001', '0000-00-00 00:00:00', 96, 'no'),
(265, 241, '14.660087399999998', '121.02957049999999', '0000-00-00 00:00:00', 92, 'no'),
(266, 245, '14.660014499999997', '121.02955399999999', '0000-00-00 00:00:00', 42, 'no'),
(267, 253, '14.660218799999999', '121.0295385', '0000-00-00 00:00:00', 0, 'no');

-- --------------------------------------------------------

--
-- Table structure for table `san_juan_police`
--

CREATE TABLE IF NOT EXISTS `san_juan_police` (
  `id` int(11) NOT NULL AUTO_INCREMENT,
  `position` varchar(30) COLLATE utf8_unicode_ci NOT NULL,
  `last_name` varchar(30) COLLATE utf8_unicode_ci NOT NULL,
  `first_name` varchar(50) COLLATE utf8_unicode_ci NOT NULL,
  PRIMARY KEY (`id`)
) ENGINE=InnoDB DEFAULT CHARSET=utf8 COLLATE=utf8_unicode_ci AUTO_INCREMENT=1 ;

-- --------------------------------------------------------

--
-- Table structure for table `target`
--

CREATE TABLE IF NOT EXISTS `target` (
  `id` int(11) NOT NULL AUTO_INCREMENT,
  `operation_id` int(11) NOT NULL,
  `lat` mediumtext COLLATE utf8_unicode_ci NOT NULL,
  `lng` mediumtext COLLATE utf8_unicode_ci NOT NULL,
  `radius` int(5) NOT NULL,
  `location` tinytext COLLATE utf8_unicode_ci NOT NULL,
  PRIMARY KEY (`id`)
) ENGINE=InnoDB  DEFAULT CHARSET=utf8 COLLATE=utf8_unicode_ci AUTO_INCREMENT=62 ;

--
-- Dumping data for table `target`
--

INSERT INTO `target` (`id`, `operation_id`, `lat`, `lng`, `radius`, `location`) VALUES
(1, 1, '14.606425238352', '121.02727890015', 300, '2 Dr.P.A.Narciso, San Juan, 1500 Metro Manila, Philippines'),
(2, 4, '14.605594669607', '121.0328578949', 300, ''),
(3, 5, '14.604577218619', '121.03474617004', 300, ''),
(4, 6, '14.601603353697', '121.03811502457', 300, ''),
(5, 7, '14.605299427617', '121.03910207748', 300, ''),
(6, 8, '14.603821265059', '121.03283643723', 350, ''),
(7, 13, '14.601649425225', '121.03489637375', 250, ''),
(8, 13, '14.601732483731', '121.03691339493', 250, ''),
(9, 14, '14.604058109158', '121.03968143463', 300, ''),
(10, 15, '14.604764097724', '121.03099107742', 250, ''),
(11, 17, '14.606134539648', '121.03240728378', 300, ''),
(12, 19, '14.604141166754', '121.03081941605', 300, ''),
(13, 19, '14.599780600553', '121.03176355362', 300, ''),
(14, 19, '14.604016580348', '121.02734327316', 300, ''),
(15, 19, '14.600694250154', '121.03099107742', 300, ''),
(16, 21, '14.605594669607', '121.0328578949', 300, ''),
(17, 22, '14.60214777579', '121.03069067001', 300, ''),
(18, 23, '14.599033066238', '121.03493928909', 300, ''),
(19, 24, '14.601690954482', '121.03094816208', 300, ''),
(20, 24, '14.605179384058', '121.02867364883', 300, ''),
(21, 25, '14.60198165906', '121.03772878647', 300, ''),
(22, 26, '14.605303969805', '121.02888822556', 300, ''),
(23, 27, '14.60385046503', '121.03399515152', 300, ''),
(24, 27, '14.601317190888', '121.0341668129', 300, ''),
(25, 27, '14.607172747539', '121.03000402451', 300, ''),
(26, 27, '14.59670738768', '121.03232145309', 300, ''),
(27, 27, '', '', 300, ''),
(28, 27, '', '', 300, ''),
(29, 27, '', '', 300, ''),
(30, 27, '', '', 300, ''),
(31, 27, '', '', 300, ''),
(32, 27, '', '', 300, ''),
(33, 27, '14.607920254186', '121.02790117264', 300, ''),
(34, 27, '14.603933522705', '121.03249311447', 300, '256 Col. Bonny Serrano Ave, San Juan, 1500 Metro Manila, Philippines'),
(35, 27, '14.598243999483', '121.03120565414', 300, '101 A Bonfacio St, San Juan, 1500 Metro Manila, Philippines'),
(36, 27, '14.60505479824', '121.03180646896', 300, '29 Pinaglabanan, Cororazon De Jesus, San Juan, 1500 Metro Manila, Philippines'),
(37, 27, '14.604265753089', '121.03433847427', 300, 'White Cross Orphanage, San Juan, Metro Manila, Philippines'),
(38, 27, '14.609332204249', '121.03086233139', 300, '155 M. Paterno, San Juan, Metro Manila, Philippines'),
(39, 28, '14.605179384058', '121.03305101395', 300, '273 Col. Bonny Serrano Ave, San Juan, 1500 Metro Manila, Philippines'),
(40, 29, '14.604930212352', '121.03021860123', 300, '242 Pinaglabanan, Manila, Metro Manila, Philippines'),
(41, 30, '14.603642820707', '121.03176355362', 300, '248 Santolan, San Juan, 1500 Metro Manila, Philippines'),
(42, 33, '14.60409963796', '121.02927446365', 300, 'Dr E Ejercito, Manila, Metro Manila, Philippines'),
(43, 33, '14.605179384058', '121.03270769119', 300, '273 Col. Bonny Serrano Ave, San Juan, Metro Manila, Philippines'),
(44, 34, '14.604639511672', '121.03034734726', 300, '242 Pinaglabanan, Manila, Metro Manila, Philippines'),
(45, 35, '14.606757464971', '121.02807283401', 300, 'Paraiso, Manila, Metro Manila, Philippines'),
(46, 36, '14.603518234019', '121.02622747421', 300, '115 F. Sevilla, San Juan, 1500 Metro Manila, Philippines'),
(47, 37, '14.604597982972', '121.02828741074', 300, 'Dr E Ejercito, Manila, Metro Manila, Philippines'),
(48, 38, '14.60621759646', '121.02927446365', 300, 'Victoria, San Juan, Metro Manila, Philippines'),
(49, 38, '14.606414856262', '121.0333058238', 300, '188 Alfonso 13, San Juan, 1500 Metro Manila, Philippines'),
(50, 38, '14.605044416086', '121.03386104107', 300, '273 Col. Bonny Serrano Ave, San Juan, 1500 Metro Manila, Philippines'),
(51, 39, '14.609384114005', '121.02950513363', 300, '81 Lt. Artiaga, San Juan, 1500 Metro Manila, Philippines'),
(52, 40, '14.603808936181', '121.03309392929', 300, '269 P. Guevarra St, San Juan, Metro Manila, Philippines'),
(53, 41, '14.603933522705', '121.03051900864', 300, '148 Jose Gil, San Juan, 1500 Metro Manila, Philippines'),
(54, 42, '14.606259124854', '121.03034734726', 300, '24 Dr.P.A.Narciso, San Juan, 1500 Metro Manila, Philippines'),
(55, 43, '14.606383709989', '121.02966070175', 300, '8 Corazon De Jesus, San Juan, 1500 Metro Manila, Philippines'),
(56, 46, '14.607172747539', '121.0303902626', 300, 'Josefa, Manila, Metro Manila, Philippines'),
(57, 47, '14.606549823393', '121.04996502399', 300, 'Rd 4, San Juan, Metro Manila, Philippines'),
(58, 75, '14.604681040364', '121.03073358536', 300, 'Jose Gil, San Juan, Metro Manila, Philippines'),
(59, 80, '14.610287341796', '121.02730035782', 300, '5 S.Guzman, San Juan, 1500 Metro Manila, Philippines'),
(60, 81, '14.599863659764', '121.03798627853', 300, '216 V. Ibanez, Maynila, Kalakhang Maynila, Philippines'),
(61, 82, '14.606757464971', '121.02712869644', 300, '612 Atty. A. Mendoza, San Juan, 1500 Metro Manila, Philippines');

-- --------------------------------------------------------

--
-- Table structure for table `tbl_operations`
--

CREATE TABLE IF NOT EXISTS `tbl_operations` (
  `operation_id` int(11) NOT NULL AUTO_INCREMENT,
  `operation_name` varchar(100) COLLATE utf8_unicode_ci NOT NULL,
  `operation_password` text COLLATE utf8_unicode_ci NOT NULL,
  `date_plan` date NOT NULL,
  `date_execute` date NOT NULL,
  `num_officers` int(11) NOT NULL,
  `mission_status` varchar(20) COLLATE utf8_unicode_ci NOT NULL,
  `mission_completed` timestamp NOT NULL,
  PRIMARY KEY (`operation_id`)
) ENGINE=InnoDB  DEFAULT CHARSET=utf8 COLLATE=utf8_unicode_ci AUTO_INCREMENT=83 ;

--
-- Dumping data for table `tbl_operations`
--

INSERT INTO `tbl_operations` (`operation_id`, `operation_name`, `operation_password`, `date_plan`, `date_execute`, `num_officers`, `mission_status`, `mission_completed`) VALUES
(1, 'test', '\0\0\0t\0\0\0e\0\0\0s\0\0\0t', '2017-01-31', '2017-02-03', 7, '', '0000-00-00 00:00:00'),
(2, 'Sample', '\0\0\0S\0\0\0a\0\0\0m\0\0\0p\0\0\0l\0\0\0e', '2017-01-31', '2017-02-02', 0, '', '0000-00-00 00:00:00'),
(3, 'Testing123', '\0\0\0s\0\0\0a\0\0\0m\0\0\0p\0\0\0l\0\0\0e', '2017-01-31', '2017-02-02', 0, '', '0000-00-00 00:00:00'),
(4, 'sampling', '\0\0\0s\0\0\0a\0\0\0m\0\0\0p\0\0\0l\0\0\0i\0\0\0n\0\0\0g', '2017-01-31', '2017-02-02', 7, '', '0000-00-00 00:00:00'),
(5, 'tukhang', '\0\0\0t\0\0\0u\0\0\0k\0\0\0h\0\0\0a\0\0\0n\0\0\0g', '2017-01-31', '2017-02-03', 7, '', '0000-00-00 00:00:00'),
(6, 'sample123', '\0\0\0s\0\0\0a\0\0\0m\0\0\0p\0\0\0l\0\0\0e\0\0\01\0\0\02\0\0\03', '2017-01-31', '2017-02-02', 7, '', '0000-00-00 00:00:00'),
(7, 'javier', '\0\0\0t\0\0\0a\0\0\0n\0\0\0d\0\0\0o\0\0\0c', '2017-01-31', '2017-02-14', 7, '', '0000-00-00 00:00:00'),
(8, 'marwen', '\0\0\0m\0\0\0a\0\0\0r\0\0\0w\0\0\0e\0\0\0n', '2017-02-01', '2017-02-23', 11, '', '0000-00-00 00:00:00'),
(9, 'Drugden', '\0\0\0d\0\0\0r\0\0\0u\0\0\0g\0\0\0s', '2017-02-01', '2017-02-09', 0, '', '0000-00-00 00:00:00'),
(10, 'sa', '\0\0\0s\0\0\0a\0\0\0d', '2017-02-03', '2017-02-09', 0, '', '0000-00-00 00:00:00'),
(11, '300', '\0\0\02\0\0\01\0\0\03', '2017-02-03', '2017-02-24', 0, '', '0000-00-00 00:00:00'),
(14, 'polygon', '\0\0\0p\0\0\0o\0\0\0l\0\0\0y\0\0\0g\0\0\0o\0\0\0n', '2017-02-04', '2017-02-22', 6, '', '0000-00-00 00:00:00'),
(15, 'sda', '\0\0\0D\0\0\0a\0\0\0d', '2017-02-05', '2017-02-24', 9, '', '0000-00-00 00:00:00'),
(16, 'asd', '\0\0\0a\0\0\0d\0\0\0a\0\0\0d', '2017-02-06', '2017-02-24', 0, '', '0000-00-00 00:00:00'),
(17, 'tintin', '\0\0\0t\0\0\0i\0\0\0n\0\0\0t\0\0\0i\0\0\0n', '2017-02-06', '2017-02-24', 6, '', '0000-00-00 00:00:00'),
(18, 'sadsa', '\0\0\0s\0\0\0a\0\0\0d\0\0\0a', '2017-02-07', '2017-02-24', 0, '', '0000-00-00 00:00:00'),
(19, 'sadsa', '\0\0\0d\0\0\0s\0\0\0a\0\0\0d\0\0\0a', '2017-02-07', '2017-02-24', 8, '', '0000-00-00 00:00:00'),
(21, 'ada', '\0\0\0s\0\0\0a\0\0\0d\0\0\0a', '2017-02-07', '2017-02-24', 6, 'not done', '0000-00-00 00:00:00'),
(22, 'today', '\0\0\0t\0\0\0o\0\0\0d\0\0\0a\0\0\0y', '2017-02-07', '2017-02-24', 7, 'not done', '0000-00-00 00:00:00'),
(23, 'Das', '\0\0\0d\0\0\0a\0\0\0d', '2017-02-07', '2017-02-07', 5, 'not done', '0000-00-00 00:00:00'),
(24, 'durty', '\0\0\0d\0\0\0u\0\0\0r\0\0\0t\0\0\0y', '2017-02-07', '2017-02-07', 2, 'not done', '0000-00-00 00:00:00'),
(27, 'dasd', '\0\0\0d\0\0\0s\0\0\0a\0\0\0d\0\0\0a', '2017-02-09', '2017-02-09', 1, 'finished', '0000-00-00 00:00:00'),
(28, 'sibat', '\0\0\0s\0\0\0i\0\0\0b\0\0\0a\0\0\0t', '2017-02-09', '2017-02-09', 4, 'finished', '0000-00-00 00:00:00'),
(29, 'etchos', '\0\0\0e\0\0\0t\0\0\0c\0\0\0h\0\0\0o\0\0\0s', '2017-02-09', '2017-02-09', 4, 'finished', '0000-00-00 00:00:00'),
(30, 'kim', '\0\0\0k\0\0\0i\0\0\0m', '2017-02-09', '2017-02-09', 4, 'finished', '0000-00-00 00:00:00'),
(31, 'Opera', '\0\0\0O\0\0\0p\0\0\0e\0\0\0r\0\0\0a', '2017-02-09', '2017-02-23', 0, 'not done', '0000-00-00 00:00:00'),
(32, 'dad', '\0\0\0a\0\0\0s\0\0\0d\0\0\0a', '2017-02-10', '2017-02-25', 2, '', '0000-00-00 00:00:00'),
(33, 'check', '\0\0\0c\0\0\0h\0\0\0e\0\0\0c\0\0\0k', '2017-02-10', '2017-02-10', 4, 'not done', '0000-00-00 00:00:00'),
(34, 'checking', '\0\0\0c\0\0\0h\0\0\0e\0\0\0c\0\0\0k\0\0\0i\0\0\0n\0\0\0g', '2017-02-10', '2017-02-10', 4, 'not done', '0000-00-00 00:00:00'),
(35, 'today', '\0\0\0t\0\0\0o\0\0\0d\0\0\0a\0\0\0y', '2017-02-10', '2017-02-10', 5, 'not done', '0000-00-00 00:00:00'),
(36, 'koroko', '\0\0\0k\0\0\0o\0\0\0r\0\0\0o\0\0\0k\0\0\0o', '2017-02-10', '2017-02-09', 3, 'finished', '0000-00-00 00:00:00'),
(37, 'dos', '\0\0\0d\0\0\0o\0\0\0s', '2017-02-11', '2017-02-11', 6, 'not done', '0000-00-00 00:00:00'),
(38, 'kopal', '\0\0\0k\0\0\0o\0\0\0p\0\0\0a\0\0\0l', '2017-02-11', '2017-02-11', 4, 'not done', '0000-00-00 00:00:00'),
(39, 'tuldok', '\0\0\0t\0\0\0u\0\0\0l\0\0\0d\0\0\0o\0\0\0k', '2017-02-12', '2017-02-12', 5, 'finished', '0000-00-00 00:00:00'),
(40, 'new', '\0\0\0n\0\0\0e\0\0\0w', '2017-02-12', '2017-02-12', 5, 'finished', '0000-00-00 00:00:00'),
(41, 'new', '\0\0\0n\0\0\0e\0\0\0w\0\0\0a\0\0\0g\0\0\0a\0\0\0i\0\0\0n', '2017-02-13', '2017-02-13', 4, 'finished', '0000-00-00 00:00:00'),
(42, 'new', '\0\0\0n\0\0\0e\0\0\0w\0\0\0a\0\0\0g\0\0\0a\0\0\0i\0\0\0n\0\0\01', '2017-02-13', '2017-02-13', 7, 'finished', '0000-00-00 00:00:00'),
(43, 'new', '\0\0\01', '2017-02-13', '2017-02-13', 6, 'finished', '0000-00-00 00:00:00'),
(46, 'one', '\0\0\0o\0\0\0n\0\0\0e', '2017-02-13', '2017-02-13', 5, 'finished', '0000-00-00 00:00:00'),
(47, 'defense', '\0\0\0d\0\0\0e\0\0\0f\0\0\0e\0\0\0n\0\0\0s\0\0\0e', '2017-02-21', '2017-02-21', 3, 'not done', '0000-00-00 00:00:00'),
(48, '', '', '0000-00-00', '0000-00-00', 0, '', '2017-02-24 02:36:42'),
(49, '', '', '0000-00-00', '0000-00-00', 0, '', '2017-02-24 02:41:53'),
(50, '', '', '0000-00-00', '0000-00-00', 0, '', '2017-02-24 02:43:06'),
(51, '', '', '0000-00-00', '0000-00-00', 0, '', '2017-02-24 02:44:14'),
(52, '', '', '0000-00-00', '0000-00-00', 0, '', '0000-00-00 00:00:00'),
(53, '', '', '0000-00-00', '0000-00-00', 0, '', '0000-00-00 00:00:00'),
(54, '', '', '0000-00-00', '0000-00-00', 0, '', '0000-00-00 00:00:00'),
(55, '', '', '0000-00-00', '0000-00-00', 0, '', '0000-00-00 00:00:00'),
(56, '', '', '0000-00-00', '0000-00-00', 0, '', '0000-00-00 00:00:00'),
(57, '', '', '0000-00-00', '0000-00-00', 0, '', '2017-02-24 03:07:44'),
(58, '', '', '0000-00-00', '0000-00-00', 0, '', '0000-00-00 00:00:00'),
(59, '', '', '0000-00-00', '0000-00-00', 0, '', '0000-00-00 00:00:00'),
(60, '', '', '0000-00-00', '0000-00-00', 0, '', '0000-00-00 00:00:00'),
(61, '', '', '0000-00-00', '0000-00-00', 0, '', '2029-05-02 04:40:39'),
(62, '', '', '0000-00-00', '0000-00-00', 0, '', '2017-02-24 03:11:57'),
(63, '', '', '0000-00-00', '0000-00-00', 0, '', '2017-02-24 03:41:18'),
(64, '', '', '0000-00-00', '0000-00-00', 0, '', '2017-02-24 04:07:19'),
(65, '', '', '0000-00-00', '0000-00-00', 0, '', '2017-02-24 04:10:36'),
(66, '', '', '0000-00-00', '0000-00-00', 0, '', '2017-02-24 04:11:24'),
(67, '', '', '0000-00-00', '0000-00-00', 0, '', '2017-02-24 04:13:56'),
(68, '', '', '0000-00-00', '0000-00-00', 0, '', '2017-02-24 04:17:24'),
(69, '', '', '0000-00-00', '0000-00-00', 0, '', '2017-02-24 04:17:51'),
(70, '', '', '0000-00-00', '0000-00-00', 0, '', '2017-02-24 04:21:01'),
(71, '', '', '0000-00-00', '0000-00-00', 0, '', '2017-02-24 04:21:29'),
(72, '', '', '0000-00-00', '0000-00-00', 0, '', '2017-02-24 06:01:38'),
(73, '', '', '0000-00-00', '0000-00-00', 0, '', '2017-02-24 06:02:04'),
(74, '', '', '0000-00-00', '0000-00-00', 0, '', '2017-02-24 06:02:21'),
(75, 'top', '$2y$11$rsXVA/85fc.AiQBVbQqFnemronsDxYLKXCR8sEyno0nneCQm0ig2m', '2017-02-24', '2017-02-25', 5, 'finished', '0000-00-00 00:00:00'),
(76, '', '', '0000-00-00', '0000-00-00', 0, '', '2017-02-24 07:19:35'),
(77, '', '', '0000-00-00', '0000-00-00', 0, '', '2017-02-24 07:19:47'),
(78, '', '', '0000-00-00', '0000-00-00', 0, '', '2017-02-24 07:20:08'),
(79, '', '', '0000-00-00', '0000-00-00', 0, '', '2017-02-24 18:26:57'),
(80, 'everything', '$2y$11$h0KHoZE6x1/3iGeTBAphO.GcSgtfBiCb4LExoJw4xjRhkoI6AwAM6', '2017-02-25', '2017-02-25', 5, 'finished', '0000-00-00 00:00:00'),
(81, 'popo', '$2y$11$.7QmLnkE0C9Xo8rgLvDF6ucNkUSUMOr/6ZxArfSCyxGjZKnvRPWyK', '2017-02-25', '2017-02-25', 3, 'not done', '0000-00-00 00:00:00'),
(82, 'Lulu', '$2y$11$Lg/lVBuqvf/Bj1/qLtTHeuMHwWFmPCDXIJGgiywh4MpRub3MukpUi', '2017-02-25', '2017-02-28', 5, 'not done', '0000-00-00 00:00:00');

/*!40101 SET CHARACTER_SET_CLIENT=@OLD_CHARACTER_SET_CLIENT */;
/*!40101 SET CHARACTER_SET_RESULTS=@OLD_CHARACTER_SET_RESULTS */;
/*!40101 SET COLLATION_CONNECTION=@OLD_COLLATION_CONNECTION */;
